rep,roc_auc,auc_gain,brier_gain
0,0.6494393741502038,0.1494393741502038,0.010234833043934133
1,0.670862785487234,0.170862785487234,0.012279669207252542
2,0.6487871750984731,0.14878717509847306,0.007446000865238639
3,0.6726524743145692,0.1726524743145692,0.009973828260694706
4,0.6797357576974623,0.1797357576974623,0.015447308561066964
5,0.666924202535136,0.16692420253513596,0.009682571080023128
6,0.6582192603287274,0.15821926032872735,0.011138026825362218
7,0.6690574219646732,0.16905742196467322,0.01325046111131098
8,0.6584266721834904,0.15842667218349038,0.010351829188816275
9,0.6661834705394621,0.16618347053946214,0.012357308734657124
10,0.6663263635572767,0.1663263635572767,0.01092619156400787
11,0.6560742481803278,0.15607424818032778,0.01062862541618817
12,0.6499223088756934,0.14992230887569336,0.008440284226946593
13,0.646000688733324,0.14600068873332395,0.009529982499412976
14,0.6709695722416896,0.17096957224168963,0.012087617889566887
15,0.6676626447334837,0.1676626447334837,0.01313835149524717
16,0.6620004556087566,0.16200045560875664,0.011049551876342129
17,0.6569075310986501,0.15690753109865008,0.007240565409965621
18,0.6633462614053798,0.16334626140537978,0.011885956121902824
19,0.6427234221219646,0.14272342212196465,0.00939690531403814
20,0.6568668744647733,0.15686687446477332,0.008784175849074705
21,0.6598889875961866,0.15988898759618664,0.013273226470114391
22,0.6456079139005969,0.1456079139005969,0.012883593334850618
23,0.6464208456611277,0.14642084566112767,0.011300411774377905
24,0.6507882836223359,0.15078828362233587,0.011724247344654992
25,0.6586460493497273,0.15864604934972726,0.014423107819677206
26,0.6559883217440738,0.15598832174407384,0.01111291558394728
27,0.6682039507708533,0.16820395077085326,0.014263402597366581
28,0.6335467241483064,0.13354672414830637,0.008316927708562127
29,0.6441636122252141,0.14416361222521412,0.006844598245990069
30,0.6503582754247481,0.1503582754247481,0.012554760380328461
31,0.6646848716802753,0.16468487168027535,0.014281045216666899
32,0.6868716910315102,0.18687169103151025,0.016454118376694082
33,0.6552473649859427,0.15524736498594272,0.00988570121738766
34,0.6474466051564429,0.14744660515644292,0.010104647214751739
35,0.6498432323326494,0.1498432323326494,0.009058611059006044
36,0.6442593818128584,0.14425938181285836,0.011530801018239084
37,0.6658314237814241,0.16583142378142413,0.013660143714750717
38,0.6623809994481096,0.16238099944810958,0.01055009983917335
39,0.6467925584060734,0.14679255840607341,0.012242195869872963
40,0.6400061568421282,0.14000615684212825,0.004707108399784082
41,0.6554773413046886,0.1554773413046886,0.01185836860280512
42,0.6622636506286539,0.1622636506286539,0.009827730459685297
43,0.6779236508502664,0.1779236508502664,0.010235744055420382
44,0.6603874659959386,0.16038746599593856,0.01169432760355793
45,0.6395346202220966,0.13953462022209662,0.00819437858175584
46,0.6614591116623412,0.16145911166234117,0.013921691195513758
47,0.6675703038000416,0.16757030380004156,0.015510046256752952
48,0.6520735146807035,0.15207351468070351,0.012626235773830485
49,0.6746583622198723,0.1746583622198723,0.01274919178213535
50,0.6586723216108377,0.15867232161083766,0.013961979452083051
51,0.6602344315764996,0.16023443157649964,0.010305853926197706
52,0.6825909790251291,0.1825909790251291,0.015606627614580898
53,0.6539303225290961,0.1539303225290961,0.010446016233523647
54,0.6394192286896048,0.13941922868960477,0.009150733483879542
55,0.6586841727738347,0.15868417277383473,0.013795971910784521
56,0.6668866467917505,0.16688664679175047,0.013119300356095015
57,0.6472699032807121,0.1472699032807121,0.011439131547358705
58,0.6732706796545624,0.17327067965456244,0.013310569717012583
59,0.6546886933828387,0.15468869338283875,0.010637237554094264
60,0.651212037753639,0.151212037753639,0.011575572662821748
61,0.6757608351978375,0.17576083519783747,0.008858495817177126
62,0.6484543378000475,0.14845433780004746,0.012847348002809705
63,0.6579335897139085,0.15793358971390847,0.013735662479422373
64,0.6702036979929586,0.17020369799295865,0.015012389100911794
65,0.6497657893692192,0.14976578936921925,0.011962744016566107
66,0.6686934678495073,0.16869346784950734,0.010412620003901224
67,0.6600328148208865,0.1600328148208865,0.011890689510759778
68,0.6671544885623252,0.16715448856232518,0.012082865491680056
69,0.6602451194243013,0.1602451194243013,0.01247686869072942
70,0.6408851954601271,0.14088519546012712,0.011304379176707846
71,0.6419940625914222,0.14199406259142222,0.012879137345569197
72,0.6670919156181315,0.16709191561813153,0.008443454643140835
73,0.6576457589798521,0.1576457589798521,0.009741975707776684
74,0.6353957357865041,0.1353957357865041,0.007861714187687496
75,0.6712865691267502,0.17128656912675022,0.011652225354977092
76,0.6520815588426697,0.15208155884266972,0.0078831109204546
77,0.6474383127195519,0.14743831271955188,0.00858726274745758
78,0.6782092354563922,0.17820923545639222,0.012526231234022911
79,0.6669501818888567,0.16695018188885669,0.01543557635910342
80,0.657012317446843,0.15701231744684296,0.011268105732109707
81,0.6696893456047637,0.16968934560476368,0.007892776499029752
82,0.6494934648022418,0.1494934648022418,0.010799911606055146
83,0.6513790470288049,0.1513790470288049,0.010193896041080619
84,0.6550050870280034,0.15500508702800342,0.012363286250791972
85,0.6600622488447152,0.1600622488447152,0.01315979316077559
86,0.6389436977965303,0.13894369779653026,0.008966734415423755
87,0.6647410910664548,0.16474109106645485,0.009613289209304043
88,0.6462866929277655,0.14628669292776553,0.011002009820203384
89,0.6515609471522825,0.15156094715228252,0.010693096290518511
90,0.6533490923020127,0.15334909230201266,0.013065594058367741
91,0.6676455319784692,0.1676455319784692,0.010971737080244542
92,0.6578759369082511,0.15787593690825108,0.00941929624201232
93,0.6684057845718305,0.16840578457183053,0.011555851720990828
94,0.6406871501642434,0.14068715016424338,0.01152948947365215
95,0.6615260707735584,0.1615260707735584,0.008500418325980225
96,0.6507214935493713,0.15072149354937125,0.009250915645538899
97,0.6676303107101285,0.16763031071012846,0.01322061866528293
98,0.660012508942271,0.16001250894227104,0.01270892559695913
99,0.6474698172746005,0.1474698172746005,0.010604803960847009
100,0.6652508698371172,0.16525086983711723,0.00989546732318583
101,0.6838798440313627,0.1838798440313627,0.0165274192347023
102,0.6536636555393311,0.15366365553933115,0.013335217772892705
103,0.6518655566661188,0.15186555666611878,0.011058244069892392
104,0.6675429430771849,0.16754294307718487,0.013353239298372177
105,0.6519034940345672,0.15190349403456715,0.009479180581249858
106,0.6664773869144706,0.16647738691447056,0.009762186133046497
107,0.665522524882991,0.16552252488299102,0.01427465567559083
108,0.6706112203519994,0.17061122035199938,0.009145692642838738
109,0.651183594689107,0.15118359468910703,0.010117704484133294
110,0.6452284645694694,0.14522846456946936,0.011198218353532297
111,0.652163496939769,0.15216349693976905,0.00621451274291529
112,0.6642885735075232,0.16428857350752324,0.015277998573701573
113,0.6562736513153382,0.1562736513153382,0.012412986007378085
114,0.6522179466637313,0.15221794666373134,0.007198706364037855
115,0.6645554652123463,0.16455546521234632,0.009061660149839307
116,0.6784408313785467,0.17844083137854672,0.016538776642443992
117,0.6553211838718809,0.15532118387188087,0.013228245095901286
118,0.6624462961025882,0.1624462961025882,0.010394448898429137
119,0.6430739153180385,0.14307391531803848,0.011343294793012049
120,0.6545725238992451,0.15457252389924514,0.01153423622765129
121,0.6605632978519425,0.16056329785194245,0.008374272174098779
122,0.6564451495976327,0.15644514959763267,0.012155302901736414
123,0.651015052815707,0.15101505281570704,0.009765044633958858
124,0.6380286095806872,0.1380286095806872,0.008823633704053646
125,0.6723810678710094,0.17238106787100937,0.011039009391515253
126,0.6435004024300851,0.1435004024300851,0.0064266028753525994
127,0.6519345065769877,0.1519345065769877,0.00991404028342982
128,0.6521597432310018,0.1521597432310018,0.010226556778516305
129,0.6667577934510154,0.16675779345101538,0.010596529995606313
130,0.6508075423219815,0.15080754232198146,0.009233554080078421
131,0.648136985294776,0.14813698529477604,0.011140981593621258
132,0.6536480378319944,0.15364803783199443,0.012181719567613464
133,0.6678190713837786,0.1678190713837786,0.0113813823537606
134,0.6671949894606144,0.1671949894606144,0.013155874336867546
135,0.6411898457342106,0.14118984573421056,0.011142160614787067
136,0.6723785811388011,0.1723785811388011,0.014822673369904282
137,0.652872912645033,0.152872912645033,0.010964834514323785
138,0.651049354581013,0.15104935458101298,0.01139848833153656
139,0.6595980077405235,0.15959800774052346,0.015082571903249326
140,0.647889849765546,0.14788984976554598,0.009783402269035402
141,0.6508800469369505,0.15088004693695045,0.011924278839506697
142,0.6630090380880198,0.1630090380880198,0.00783672831826282
143,0.6459819578926644,0.14598195789266444,0.0072745209499905095
144,0.6476961740527631,0.14769617405276314,0.01062977809247237
145,0.6628408413857021,0.1628408413857021,0.010589085358055722
146,0.6712901288710393,0.17129012887103934,0.012438572663162506
147,0.6522136517140631,0.1522136517140631,0.010154143657816611
148,0.6686830195000768,0.1686830195000768,0.011053607725647868
149,0.6546898401191401,0.1546898401191401,0.008799285416503683
150,0.6530930801024093,0.1530930801024093,0.007550889522639048
151,0.6677367711618867,0.16773677116188668,0.010089853644759728
152,0.6515232149329245,0.15152321493292453,0.007418280803158622
153,0.6314448611036462,0.13144486110364617,0.009517907683257859
154,0.6694726951376597,0.16947269513765972,0.014678228155876993
155,0.6625960855844222,0.16259608558442218,0.012051181014277795
156,0.6471039546231411,0.14710395462314108,0.008828231567258149
157,0.6734316153206343,0.17343161532063434,0.01424555156609969
158,0.6561635727882852,0.1561635727882852,0.010445160032950374
159,0.6745964741178451,0.17459647411784507,0.013654665743606437
160,0.652975420532809,0.152975420532809,0.006615397981527438
161,0.6583951726746168,0.15839517267461678,0.0085889674791996
162,0.6689755910551798,0.16897559105517979,0.015544298794912564
163,0.6502511522339747,0.15025115223397467,0.012803587309251047
164,0.6585341400632225,0.15853414006322253,0.010544323312324966
165,0.6353663542914807,0.1353663542914807,0.009663726138559786
166,0.6464431010030136,0.1464431010030136,0.009965293952654358
167,0.6596080942367173,0.1596080942367173,0.013228785229965512
168,0.6606124139746579,0.16061241397465786,0.013474138067978758
169,0.6625668606377286,0.16256686063772863,0.013147355551022866
170,0.6832936447619531,0.1832936447619531,0.014797960590946652
171,0.6591579394938074,0.1591579394938074,0.011373195688376525
172,0.66452974417947,0.16452974417946997,0.013144498026210677
173,0.6614683268325139,0.1614683268325139,0.012441677759932351
174,0.6599038220943094,0.15990382209430942,0.010113466646764158
175,0.6870000584097982,0.18700005840979816,0.014427606145086008
176,0.6664108970989702,0.16641089709897017,0.012931638470534634
177,0.6729575185540241,0.17295751855402408,0.011998379156441669
178,0.6712961191952056,0.1712961191952056,0.016622965158026387
179,0.6492399927774737,0.14923999277747368,0.008686775393928287
180,0.6680274164721317,0.1680274164721317,0.012451086180252091
181,0.6610185454882048,0.16101854548820482,0.009448570888534291
182,0.6576968085381266,0.15769680853812662,0.009438314590920621
183,0.6583664510885529,0.15836645108855285,0.011508063964221271
184,0.6868175050489544,0.18681750504895445,0.017384255227407358
185,0.6573291503845834,0.1573291503845834,0.012705220862795602
186,0.6577203282967216,0.15772032829672156,0.010538128346056524
187,0.649322924114343,0.149322924114343,0.011685461234688443
188,0.639318058630767,0.13931805863076696,0.011006635913959117
189,0.6596351159481038,0.15963511594810376,0.011114161851107696
190,0.6580797245803128,0.15807972458031283,0.011946261787520202
191,0.6564061007017219,0.1564061007017219,0.009581768011781788
192,0.6665621223463388,0.16656212234633883,0.013106207569875378
193,0.6754019008894938,0.1754019008894938,0.012761069014919885
194,0.6460814266671971,0.14608142666719715,0.00911682405434791
195,0.6529611744091484,0.15296117440914836,0.01472423240572207
196,0.6413896910029123,0.14138969100291232,0.009568256256066582
197,0.6558868124843036,0.15588681248430358,0.010914656321408062
198,0.6460850904089467,0.14608509040894668,0.010530753460386733
199,0.6558775821379976,0.15587758213799763,0.011177260538709682
200,0.6468104480649617,0.14681044806496168,0.008007176917135594
201,0.659131366288594,0.15913136628859403,0.012067466052013864
202,0.6537074597420173,0.15370745974201727,0.01172751791803986
203,0.6490793170667306,0.1490793170667306,0.01134849430344001
204,0.6633841243076634,0.16338412430766336,0.011866918109491281
205,0.6673821647493935,0.1673821647493935,0.012433356204369583
206,0.6682018724027594,0.1682018724027594,0.012129667731091115
207,0.6393749497061327,0.13937494970613273,0.00783867698332505
208,0.6534774701008441,0.15347747010084412,0.009947716969525816
209,0.6634595696560024,0.1634595696560024,0.010325342471196597
210,0.6665012261813428,0.16650122618134278,0.011105330065310115
211,0.6707122012075455,0.1707122012075455,0.012622019938519996
212,0.6599698230684049,0.1599698230684049,0.013176709627856803
213,0.6702245268569782,0.1702245268569782,0.015472768274948145
214,0.6514183222852661,0.15141832228526608,0.00790040930879693
215,0.6570973760823262,0.1570973760823262,0.010959653406377307
216,0.6726548345983333,0.1726548345983333,0.012348835842565131
217,0.6549497237434325,0.15494972374343252,0.008470720035835044
218,0.6515989727574649,0.15159897275746492,0.01047069248493554
219,0.6822380472984768,0.1822380472984768,0.015060873081052722
220,0.6543826346690873,0.1543826346690873,0.011458508109306265
221,0.637979526012423,0.13797952601242303,0.007993193861257769
222,0.6770468190855347,0.17704681908553466,0.015503778769271476
223,0.6608033144678225,0.16080331446782248,0.01138066653737943
224,0.6659000189910385,0.16590001899103846,0.013909639483110664
225,0.6644420118337777,0.1644420118337777,0.00984341543660136
226,0.66474369683668,0.16474369683668,0.013559512016227376
227,0.6560282355808243,0.15602823558082435,0.009085290981708322
228,0.6631818663804565,0.1631818663804565,0.01156793619345478
229,0.6698350132114953,0.1698350132114953,0.010820375290066686
230,0.6580598769655378,0.1580598769655378,0.014435791074965565
231,0.6569761013833149,0.15697610138331486,0.012083491292987164
232,0.6843340683296686,0.1843340683296686,0.012574372789119714
233,0.6587488651228577,0.15874886512285769,0.01165765858479681
234,0.6376248079731385,0.13762480797313847,0.009116710799671718
235,0.676630459188196,0.17663045918819598,0.01515678685786867
236,0.6598224895179382,0.1598224895179382,0.007308405372564802
237,0.6423355233730442,0.14233552337304423,0.007136208666470217
238,0.6473247775963056,0.14732477759630558,0.006368764180957082
239,0.6564783278347722,0.15647832783477222,0.010917730398112058
240,0.6911439734009635,0.19114397340096345,0.016406578775576608
241,0.6486023279625543,0.14860232796255435,0.011509867112628747
242,0.6532390668312998,0.15323906683129984,0.010833902386106153
243,0.6669579491907901,0.1669579491907901,0.01356346731844102
244,0.6632363527206799,0.16323635272067993,0.011822607848441635
245,0.6418414687830517,0.1418414687830517,0.01120924998606146
246,0.6992268357782419,0.19922683577824185,0.016627688852291378
247,0.6818789592043584,0.18187895920435837,0.015792806668878223
248,0.6475844680537125,0.1475844680537125,0.007419766084395457
249,0.6578874278751669,0.15788742787516685,0.012190858791956
250,0.6811664912277031,0.18116649122770312,0.01554196211190001
251,0.6601625670118821,0.16016256701188214,0.013354373846134832
252,0.6803451150168278,0.18034511501682782,0.011880128629422448
253,0.6702649626064818,0.17026496260648183,0.008669065226052902
254,0.6607035804786288,0.16070358047862876,0.012021907666405707
255,0.6572434066491174,0.1572434066491174,0.013567429065584224
256,0.6584064368143081,0.1584064368143081,0.011443508746626418
257,0.6485432131650495,0.14854321316504948,0.006774337341604819
258,0.6663239402732973,0.16632394027329733,0.013881808061657203
259,0.6532291664528076,0.1532291664528076,0.011214556288582006
260,0.6592128947044567,0.15921289470445665,0.011775899496286962
261,0.6570266290825644,0.15702662908256437,0.009886607788676172
262,0.647549345910951,0.14754934591095104,0.007558146218976991
263,0.6569422010837208,0.1569422010837208,0.011707132984539292
264,0.668142640850582,0.16814264085058195,0.013962178393769314
265,0.6459192416380988,0.14591924163809877,0.009112109528368911
266,0.6569347793221993,0.15693477932219935,0.010157235099448186
267,0.6530505900450676,0.1530505900450676,0.013281438143466218
268,0.6637586465863194,0.16375864658631945,0.014557895522600534
269,0.6692063139583068,0.16920631395830676,0.010652468236307666
270,0.6432075471698113,0.14320754716981132,0.007389277264759853
271,0.6649059678961367,0.16490596789613665,0.00954941051261679
272,0.6566799691617975,0.1566799691617975,0.016009478035752867
273,0.6558724899961419,0.1558724899961419,0.011548567411611477
274,0.6829747151284166,0.18297471512841657,0.015772203293813958
275,0.6530469626799902,0.15304696267999018,0.010538846974037286
276,0.671011821775317,0.17101182177531704,0.012581295004558457
277,0.6550878805177041,0.15508788051770406,0.010291319750913575
278,0.6559561918423112,0.15595619184231124,0.012543969253338005
279,0.6780468900294061,0.1780468900294061,0.012854947381140763
280,0.6565664198365689,0.15656641983656894,0.008599005021117878
281,0.6409837949264754,0.1409837949264754,0.00837474788460768
282,0.6401776976752058,0.14017769767520583,0.007988493218936688
283,0.6742950144046889,0.17429501440468886,0.014051832118178925
284,0.6674781026449439,0.1674781026449439,0.010144277541032448
285,0.644326406546963,0.14432640654696305,0.008675322385452211
286,0.6369274796842241,0.13692747968422414,0.007436581783722002
287,0.6396511989805832,0.1396511989805832,0.007705475833130221
288,0.6720270497970395,0.17202704979703953,0.014694671522933855
289,0.6565187017787468,0.15651870177874683,0.011058547907944083
290,0.6610251919782126,0.16102519197821263,0.011477581763852052
291,0.6540521883644084,0.15405218836440837,0.009685279096788124
292,0.6746005158370166,0.17460051583701663,0.011679667029532298
293,0.6446019162009851,0.14460191620098506,0.008597564089083881
294,0.6465686102724311,0.14656861027243107,0.010483989762284929
295,0.6813181971006839,0.18131819710068386,0.015005891759171747
296,0.6600586743524941,0.1600586743524941,0.009096855574862978
297,0.6430509173479302,0.14305091734793018,0.010839512702513654
298,0.6472336224220425,0.14723362242204252,0.009993443438822552
299,0.631140465774165,0.13114046577416505,0.007688027234460215
300,0.6509021118921761,0.15090211189217606,0.009714550789659632
301,0.6699559003888895,0.16995590038888952,0.013977285322613525
302,0.6516321005167995,0.15163210051679954,0.012892411080266036
303,0.6515703552415943,0.15157035524159435,0.010882158677123555
304,0.6472201221134354,0.14722012211343538,0.007718752495599501
305,0.6661942992734867,0.16619429927348672,0.010380765422931953
306,0.6715745018473952,0.1715745018473952,0.009364498815486094
307,0.6673055829142001,0.16730558291420006,0.011185217335915543
308,0.6554516786892313,0.15545167868923127,0.00922088712758276
309,0.6661119608793628,0.16611196087936275,0.01311256839892308
310,0.6547854378135749,0.1547854378135749,0.011904988148121742
311,0.658937787026885,0.158937787026885,0.011124076040527536
312,0.6600008998171623,0.16000089981716226,0.009705531220220748
313,0.6574038859586147,0.15740388595861465,0.012796675009398822
314,0.6744829496440874,0.1744829496440874,0.013091569449987489
315,0.6555928262144096,0.15559282621440962,0.010094103128940518
316,0.6625067095407787,0.16250670954077873,0.012738353613482217
317,0.658694156759468,0.15869415675946796,0.009855038330471466
318,0.6643132572648627,0.16431325726486268,0.011070599703264433
319,0.6770377016318248,0.17703770163182475,0.0151494184331869
320,0.680779752799465,0.180779752799465,0.014428662884110544
321,0.6556448958662148,0.15564489586621477,0.010777613215536441
322,0.6626666784736901,0.1626666784736901,0.008785789705385183
323,0.6553851478881995,0.15538514788819946,0.013585766426590928
324,0.6563967438132332,0.1563967438132332,0.01105278073282065
325,0.6765729836106116,0.17657298361061158,0.014362890210872115
326,0.6531699238559825,0.1531699238559825,0.008891720872874598
327,0.6364936550710786,0.13649365507107858,0.009710268648686154
328,0.6430334456831734,0.14303344568317344,0.010300674304177942
329,0.6543021168595345,0.15430211685953454,0.01490645404861271
330,0.6384128060014769,0.13841280600147687,0.007439309345421724
331,0.6546575390013761,0.15465753900137613,0.01193332403953451
332,0.6654876300747239,0.1654876300747239,0.012261107372499663
333,0.6615304485308919,0.16153044853089193,0.011920929526435864
334,0.6539559129552519,0.1539559129552519,0.01139923877453361
335,0.6570273885388744,0.15702738853887444,0.010514395054566639
336,0.6614675016454405,0.16146750164544055,0.011798873844329039
337,0.664173566164713,0.16417356616471301,0.013305163854537783
338,0.6678210851580935,0.16782108515809346,0.011704203419828946
339,0.6567362724198875,0.15673627241988752,0.008734952465116824
340,0.6477796932065649,0.14777969320656492,0.010696263821609292
341,0.6499309051426316,0.14993090514263163,0.009967860085416308
342,0.6648250034729914,0.16482500347299145,0.010549541612751234
343,0.6523624440764129,0.15236244407641286,0.013061811102284493
344,0.6473892508498214,0.14738925084982135,0.010554567201259413
345,0.6349382548698881,0.13493825486988809,0.0070028022336203755
346,0.6509855353443197,0.1509855353443197,0.014659087377398128
347,0.6551034176264463,0.1551034176264463,0.01150622134589993
348,0.6621814508515413,0.16218145085154134,0.008988118458736372
349,0.6587070933817339,0.15870709338173394,0.01011997973588169
350,0.6562608286334575,0.15626082863345747,0.015060555760762595
351,0.647612875156728,0.14761287515672805,0.01038464051543403
352,0.6494279007015651,0.1494279007015651,0.008326267555117728
353,0.6383265734492554,0.13832657344925536,0.01111784586952727
354,0.6580221573294553,0.15802215732945535,0.013384938553018977
355,0.636939575151247,0.136939575151247,0.010518789641831033
356,0.6478200965388596,0.14782009653885964,0.007807160502978583
357,0.6456666356170339,0.14566663561703386,0.01402958820531272
358,0.6620871150314811,0.1620871150314811,0.009513422772713942
359,0.6733612356234836,0.1733612356234836,0.01129882682391073
360,0.6731710321687425,0.17317103216874252,0.00985734838798949
361,0.6761752400714756,0.17617524007147556,0.012352125271604203
362,0.6473607922584543,0.14736079225845433,0.011121819728758364
363,0.6586573479958867,0.1586573479958867,0.009660422600489021
364,0.6682401577011312,0.1682401577011312,0.01009205954015513
365,0.6510053748726932,0.15100537487269317,0.010959815366442777
366,0.6777437524143836,0.17774375241438356,0.016340222963662193
367,0.6593546908981088,0.15935469089810883,0.011492823196721152
368,0.6683505491793319,0.1683505491793319,0.012743898462397069
369,0.6496870185855855,0.14968701858558553,0.009651669827684978
370,0.6669465050586332,0.16694650505863318,0.014321620477334124
371,0.6561537631888432,0.15615376318884322,0.009008044173263202
372,0.6587270856651921,0.1587270856651921,0.014152110873638518
373,0.6548586204777902,0.1548586204777902,0.010364244791844723
374,0.6502957142036597,0.15029571420365972,0.013097934331826516
375,0.663293443780671,0.163293443780671,0.009518315942751765
376,0.6566369760984746,0.1566369760984746,0.011199965774741277
377,0.6481300567542603,0.14813005675426028,0.008401926563338852
378,0.6498407716981276,0.1498407716981276,0.009872195928043698
379,0.6794675652086588,0.1794675652086588,0.014801549634036959
380,0.6509055384004614,0.1509055384004614,0.008390099889241526
381,0.6543520385562492,0.15435203855624924,0.009860745452742459
382,0.66065437146579,0.16065437146578998,0.01046691547488432
383,0.6522765954923893,0.15227659549238926,0.011582110206180302
384,0.6609810639735263,0.1609810639735263,0.01104017216366443
385,0.6537515903307889,0.1537515903307889,0.012854970799140941
386,0.6734195263690042,0.17341952636900415,0.012965404194169666
387,0.6470567059721404,0.14705670597214038,0.007782750501268532
388,0.666360750629405,0.16636075062940503,0.012769501432087216
389,0.6673148740391887,0.16731487403918865,0.011770088258243577
390,0.6350881233589475,0.1350881233589475,0.010382427502146852
391,0.6478489603810853,0.1478489603810853,0.01037290593078724
392,0.6616465473047629,0.1616465473047629,0.009560652160725935
393,0.6615039738906926,0.1615039738906926,0.014891647530119567
394,0.651264195703589,0.15126419570358896,0.00894713143773404
395,0.6698376361055538,0.1698376361055538,0.012015388730095111
396,0.660481047791436,0.16048104779143602,0.013511078198412518
397,0.664013015946561,0.16401301594656104,0.010684507594133946
398,0.6487339037097296,0.1487339037097296,0.01123737648192144
399,0.6530397903841512,0.15303979038415116,0.010771705513336616
