bin,n,observed,predicted
"(0.030199999999999998, 0.104]",1409,0.11426543647977289,0.07495660578234836
"(0.104, 0.133]",1409,0.1376863023420866,0.11903207311248858
"(0.133, 0.165]",1409,0.1937544357700497,0.1487105072204484
"(0.165, 0.193]",1408,0.17826704545454544,0.18014464606598818
"(0.193, 0.217]",1409,0.24201561391057488,0.2053155287456571
"(0.217, 0.241]",1414,0.24257425742574257,0.22897890542296415
"(0.241, 0.264]",1403,0.285816108339273,0.2519267978945854
"(0.264, 0.291]",1410,0.3900709219858156,0.27616452033026473
"(0.291, 0.333]",1408,0.3522727272727273,0.3105104685985358
"(0.333, 0.687]",1409,0.48190205819730303,0.3823324475613862
