row_id,booking_date,hotel,market_segment,lead_time,adults,children,babies,stays_in_week_nights,stays_in_weekend_nights,is_repeated_guest,is_canceled,exact_duplicate_group,p_primary,p_dummy,p_dedup_train,p_minimal,predicted,error_type,lead_band,booking_month,family
31428,2016-07-14,Resort Hotel,Online TA,163,2,0.0,0,3,2,0,0,12709994841725728364,0.6865782209322205,0.3074877712278941,0.5468394510911132,0.3998304802081425,1,FP,91–180,2016-07,No recorded children/babies
103536,2016-07-13,City Hotel,Online TA,163,2,2.0,0,2,2,0,0,11488093381623274994,0.5651601356575456,0.3074877712278941,0.5204329740344668,0.5559534471940416,1,FP,91–180,2016-07,With children/babies
102164,2016-09-06,City Hotel,Groups,75,1,0.0,0,2,2,0,0,204226964054771919,0.5472400523192962,0.3074877712278941,0.2002964935286238,0.3527617653070843,1,FP,31–90,2016-09,No recorded children/babies
31016,2016-10-25,Resort Hotel,Offline TA/TO,44,2,0.0,0,3,0,0,0,14440432080754926473,0.5450428516488544,0.3074877712278941,0.1563945555013805,0.2035744294858023,1,FP,31–90,2016-10,No recorded children/babies
103686,2016-08-09,City Hotel,Online TA,140,2,2.0,0,3,0,0,0,13724514517684608657,0.5403129744440581,0.3074877712278941,0.4628587882740315,0.5099009369027586,1,FP,91–180,2016-08,With children/babies
103296,2016-09-05,City Hotel,Online TA,92,2,2.0,0,10,2,0,0,11778429751774531126,0.539139419154103,0.3074877712278941,0.5665023362740581,0.4141627008177367,1,FP,91–180,2016-09,With children/babies
31024,2016-10-12,Resort Hotel,Offline TA/TO,57,3,0.0,0,3,0,0,0,17992040905818461687,0.5332164445686421,0.3074877712278941,0.1793327834451374,0.2210678760030391,1,FP,31–90,2016-10,No recorded children/babies
31022,2016-10-12,Resort Hotel,Offline TA/TO,57,2,0.0,0,3,0,0,0,322398227310401989,0.5324362305780798,0.3074877712278941,0.1772525343101589,0.2210678760030391,1,FP,31–90,2016-10,No recorded children/babies
103011,2016-08-21,City Hotel,Online TA,109,4,0.0,0,3,0,0,0,3247403294090785983,0.5239089330962223,0.3074877712278941,0.3733996531652476,0.4477079163646883,1,FP,91–180,2016-08,No recorded children/babies
27502,2016-08-09,Resort Hotel,Online TA,15,3,0.0,0,5,2,0,0,12075966379398419883,0.5223474998476608,0.3074877712278941,0.4745171574439182,0.1231162867421163,1,FP,8–30,2016-08,No recorded children/babies
7070,2016-07-19,Resort Hotel,Complementary,0,1,0.0,0,1,0,0,1,7016097888315810782,0.0311940550964875,0.3074877712278941,0.058068954789799,0.1141101354196955,0,FN,0–7,2016-07,No recorded children/babies
14473,2016-10-11,Resort Hotel,Complementary,14,2,0.0,0,3,0,0,1,9586730300329431422,0.0428760319434227,0.3074877712278941,0.0593926051751442,0.1357207029685313,0,FN,8–30,2016-10,No recorded children/babies
8396,2016-09-07,Resort Hotel,Complementary,19,1,0.0,0,5,2,0,1,5336064025129045384,0.0438602572027582,0.3074877712278941,0.076459753390226,0.1301339757064643,0,FN,8–30,2016-09,No recorded children/babies
7828,2016-08-29,Resort Hotel,Direct,0,2,0.0,0,0,1,0,1,10288448239430988837,0.0448080601281336,0.3074877712278941,0.0632876488556096,0.1106624187034591,0,FN,0–7,2016-08,No recorded children/babies
9240,2016-10-13,Resort Hotel,Complementary,23,2,0.0,0,1,1,0,1,1512422462295242234,0.0462372828779385,0.3074877712278941,0.0586777607438233,0.160240513934165,0,FN,8–30,2016-10,No recorded children/babies
7091,2016-07-19,Resort Hotel,Direct,2,2,0.0,0,1,0,0,1,5267668399537017805,0.0510119192857247,0.3074877712278941,0.0712789472290497,0.1157477741824204,0,FN,0–7,2016-07,No recorded children/babies
6978,2016-07-15,Resort Hotel,Direct,0,2,0.0,0,2,0,0,1,1854766613584096238,0.0526175803695747,0.3074877712278941,0.0759382820026818,0.1141101354196955,0,FN,0–7,2016-07,No recorded children/babies
9447,2016-10-17,Resort Hotel,Complementary,44,1,0.0,0,1,0,0,1,5212386646964469555,0.0527476874481882,0.3074877712278941,0.060703134521841,0.1843133363166356,0,FN,31–90,2016-10,No recorded children/babies
7769,2016-08-26,Resort Hotel,Direct,0,2,0.0,0,1,0,0,1,6212727267649372272,0.0528055013123109,0.3074877712278941,0.0596500115990769,0.1106624187034591,0,FN,0–7,2016-08,No recorded children/babies
8137,2016-09-14,Resort Hotel,Direct,0,2,0.0,0,1,0,0,1,9911344468071113720,0.0529630738145125,0.3074877712278941,0.0566797684796123,0.1137776685019458,0,FN,0–7,2016-09,No recorded children/babies
