feature,coefficient
categorical__market_segment_Complementary,-0.6767288202207817
categorical__hotel_Resort Hotel,-0.5541607205375493
categorical__meal_Undefined,-0.5388640948372979
categorical__market_segment_Corporate,-0.4993752598275455
categorical__meal_SC,-0.4705521945915632
categorical__distribution_channel_Direct,-0.3880120314443654
categorical__reserved_room_type_D,-0.3640435630565325
categorical__reserved_room_type_B,-0.3575339161062249
categorical__meal_BB,-0.3297529560591098
categorical__meal_HB,-0.3062240557611496
categorical__distribution_channel_GDS,-0.3011513398209335
categorical__market_segment_Aviation,-0.2708205059590367
categorical__reserved_room_type_F,-0.24725043548141828
categorical__reserved_room_type_A,-0.23219005770033024
categorical__reserved_room_type_E,-0.2156947924304976
categorical__market_segment_Direct,-0.1887890039234258
categorical__distribution_channel_TA/TO,-0.07642209324219755
numeric__babies,-0.03004186325769629
numeric__stays_in_weekend_nights,-0.010156948869145248
categorical__market_segment_Undefined,0.0004729561438966315
categorical__distribution_channel_Undefined,0.0009896374589712018
numeric__adults,0.0015495869546024521
numeric__children,0.04284388271850093
numeric__arrival_month_cos,0.0522835506730541
categorical__reserved_room_type_P,0.053755875797674865
numeric__stays_in_week_nights,0.07909102989664842
categorical__reserved_room_type_L,0.10254455501272955
numeric__missingindicator_children,0.1027228134092869
categorical__reserved_room_type_C,0.1127672766183478
categorical__reserved_room_type_G,0.12365426130977557
categorical__hotel_City Hotel,0.16271732643712966
numeric__arrival_month_sin,0.18276435264472277
categorical__market_segment_Offline TA/TO,0.2620424904054712
categorical__market_segment_Online TA,0.27620323055228235
categorical__distribution_channel_Corporate,0.3731524329480962
numeric__lead_time,0.44961162925777914
categorical__reserved_room_type_H,0.6325474019360596
categorical__market_segment_Groups,0.7055515187287565
categorical__meal_FB,1.2539499071487155
