partition,column,missing_n
train,lead_time,0
train,stays_in_weekend_nights,0
train,stays_in_week_nights,0
train,adults,0
train,children,4
train,babies,0
train,arrival_month_sin,0
train,arrival_month_cos,0
train,hotel,0
train,meal,0
train,market_segment,0
train,distribution_channel,0
train,reserved_room_type,0
validation,lead_time,0
validation,stays_in_weekend_nights,0
validation,stays_in_week_nights,0
validation,adults,0
validation,children,0
validation,babies,0
validation,arrival_month_sin,0
validation,arrival_month_cos,0
validation,hotel,0
validation,meal,0
validation,market_segment,0
validation,distribution_channel,0
validation,reserved_room_type,0
