column,risk_category,primary_use,reason,source,enforced_exclusion
hotel,stable identity,conditional predictor,"Source hotel identity is stable; only two specific hotels, not replicated hotel types.","Antonio et al. (2019), Table 1 and Section 2; project exclusion judgment",False
is_canceled,outcome or outcome metadata,target,"Target, includes no-show in the published encoding; never a predictor.","Antonio et al. (2019), Table 1 and Section 2; project exclusion judgment",True
lead_time,conditional snapshot predictor,conditional predictor,"Definition supports booking_date = arrival_date - lead_time, but original entry timestamp and consistency after date amendments cannot be verified.","Antonio et al. (2019), Table 1 and Section 2; project exclusion judgment",False
arrival_date_year,parsimony or redundant representation; not proven leakage,excluded predictor,Used to reconstruct calendar split; omit secular year from primary predictors.,"Antonio et al. (2019), Table 1 and Section 2; project exclusion judgment",True
arrival_date_month,parsimony or redundant representation; not proven leakage,excluded predictor,Replaced with fixed sine/cosine encoding; planned arrival may have changed.,"Antonio et al. (2019), Table 1 and Section 2; project exclusion judgment",True
arrival_date_week_number,parsimony or redundant representation; not proven leakage,excluded predictor,Redundant date component; omitted.,"Antonio et al. (2019), Table 1 and Section 2; project exclusion judgment",True
arrival_date_day_of_month,parsimony or redundant representation; not proven leakage,excluded predictor,Used for split reconstruction; omitted from predictors.,"Antonio et al. (2019), Table 1 and Section 2; project exclusion judgment",True
stays_in_weekend_nights,conditional snapshot predictor,conditional predictor,"Plausibly available at booking in an operational system, but this dataset stores later snapshots; inclusion is conditional, not certified safe.","Antonio et al. (2019), Table 1 and Section 2; project exclusion judgment",False
stays_in_week_nights,conditional snapshot predictor,conditional predictor,"Plausibly available at booking in an operational system, but this dataset stores later snapshots; inclusion is conditional, not certified safe.","Antonio et al. (2019), Table 1 and Section 2; project exclusion judgment",False
adults,conditional snapshot predictor,conditional predictor,"Plausibly available at booking in an operational system, but this dataset stores later snapshots; inclusion is conditional, not certified safe.","Antonio et al. (2019), Table 1 and Section 2; project exclusion judgment",False
children,conditional snapshot predictor,conditional predictor,"Plausibly available at booking in an operational system, but this dataset stores later snapshots; inclusion is conditional, not certified safe.","Antonio et al. (2019), Table 1 and Section 2; project exclusion judgment",False
babies,conditional snapshot predictor,conditional predictor,"Plausibly available at booking in an operational system, but this dataset stores later snapshots; inclusion is conditional, not certified safe.","Antonio et al. (2019), Table 1 and Section 2; project exclusion judgment",False
meal,conditional snapshot predictor,conditional predictor,"Plausibly available at booking in an operational system, but this dataset stores later snapshots; inclusion is conditional, not certified safe.","Antonio et al. (2019), Table 1 and Section 2; project exclusion judgment",False
country,temporal provenance uncertainty; conservative exclusion,excluded predictor,"Paper warns correct nationality may only be known at check-in; temporal provenance risk first, nationality proxy concern second.","Antonio et al. (2019), Table 1 and Section 2; project exclusion judgment",True
market_segment,conditional snapshot predictor,conditional predictor,"Plausibly available at booking in an operational system, but this dataset stores later snapshots; inclusion is conditional, not certified safe.","Antonio et al. (2019), Table 1 and Section 2; project exclusion judgment",False
distribution_channel,conditional snapshot predictor,conditional predictor,"Plausibly available at booking in an operational system, but this dataset stores later snapshots; inclusion is conditional, not certified safe.","Antonio et al. (2019), Table 1 and Section 2; project exclusion judgment",False
is_repeated_guest,temporal provenance uncertainty; conservative exclusion,excluded predictor,Table 1 checks profile creation before booking creation. Conservative exclusion: exact as-of values cannot be independently reconstructed; not proven future information.,"Antonio et al. (2019), Table 1 and Section 2; project exclusion judgment",True
previous_cancellations,temporal provenance uncertainty; conservative exclusion,excluded predictor,Prior bookings may have outcomes observed only after current creation.,"Antonio et al. (2019), Table 1 and Section 2; project exclusion judgment",True
previous_bookings_not_canceled,temporal provenance uncertainty; conservative exclusion,excluded predictor,As-of-creation history cannot be reconstructed.,"Antonio et al. (2019), Table 1 and Section 2; project exclusion judgment",True
reserved_room_type,conditional snapshot predictor,conditional predictor,"Plausibly available at booking in an operational system, but this dataset stores later snapshots; inclusion is conditional, not certified safe.","Antonio et al. (2019), Table 1 and Section 2; project exclusion judgment",False
assigned_room_type,post-entry operational or cumulative measurement,excluded predictor,Operational room assignment can occur after booking.,"Antonio et al. (2019), Table 1 and Section 2; project exclusion judgment",True
booking_changes,post-entry operational or cumulative measurement,excluded predictor,Accumulates amendments after booking.,"Antonio et al. (2019), Table 1 and Section 2; project exclusion judgment",True
deposit_type,post-entry operational or cumulative measurement,excluded predictor,Table 1: calculated from payments before arrival/cancellation; not initial booking policy.,"Antonio et al. (2019), Table 1 and Section 2; project exclusion judgment",True
agent,parsimony or redundant representation; not proven leakage,excluded predictor,"Categorical anonymized identifier; omitted for parsimony, not ordinal.","Antonio et al. (2019), Table 1 and Section 2; project exclusion judgment",True
company,parsimony or redundant representation; not proven leakage,excluded predictor,"Categorical identifier; NULL means not applicable, not missing.","Antonio et al. (2019), Table 1 and Section 2; project exclusion judgment",True
days_in_waiting_list,post-entry operational or cumulative measurement,excluded predictor,Elapsed waiting until confirmation not necessarily known at entry.,"Antonio et al. (2019), Table 1 and Section 2; project exclusion judgment",True
customer_type,temporal provenance uncertainty; conservative exclusion,excluded predictor,"Table 1 defines group/contract linkage. Initial snapshot is unavailable; possible amendment is a project concern, not proven leakage.","Antonio et al. (2019), Table 1 and Section 2; project exclusion judgment",True
adr,post-entry operational or cumulative measurement,excluded predictor,Computed using lodging transactions; not verified as initial quoted price.,"Antonio et al. (2019), Table 1 and Section 2; project exclusion judgment",True
required_car_parking_spaces,temporal provenance uncertainty; conservative exclusion,excluded predictor,Request may be added later.,"Antonio et al. (2019), Table 1 and Section 2; project exclusion judgment",True
total_of_special_requests,temporal provenance uncertainty; conservative exclusion,excluded predictor,Requests may accumulate later.,"Antonio et al. (2019), Table 1 and Section 2; project exclusion judgment",True
reservation_status,outcome or outcome metadata,excluded predictor,Direct outcome proxy.,"Antonio et al. (2019), Table 1 and Section 2; project exclusion judgment",True
reservation_status_date,outcome or outcome metadata,excluded predictor,Terminal outcome date; only administrative label availability check.,"Antonio et al. (2019), Table 1 and Section 2; project exclusion judgment",True
arrival_month_sin,conditional snapshot predictor,conditional predictor,Deterministic transform of snapshot arrival month; no learned information from validation.,Project derivation from arrival month,False
arrival_month_cos,conditional snapshot predictor,conditional predictor,Deterministic transform of snapshot arrival month; no learned information from validation.,Project derivation from arrival month,False
