grouping,group,small_group,n,prevalence,threshold,roc_auc,average_precision,accuracy,balanced_accuracy,precision,recall,f1,specificity,brier,log_loss,tn,fp,fn,tp
hotel,City Hotel,False,9418,0.29666595880229346,0.5,0.6506291302272986,0.4231758974762191,0.7020598853259715,0.4998185055795891,0.2692307692307692,0.0025053686471009306,0.004964539007092199,0.9971316425120773,0.1998593191282789,0.5857091519092152,6605,19,2787,7
hotel,Resort Hotel,False,4670,0.19164882226980728,0.5,0.6219389544563247,0.27580413105051704,0.8081370449678801,0.5015723852158792,0.4444444444444444,0.004469273743016759,0.008849557522123894,0.9986754966887417,0.15243611430388146,0.483217353411241,3770,5,891,4
market_segment,Aviation,True,63,0.2222222222222222,0.5,0.42784256559766765,0.3076700989193315,0.7777777777777778,0.5,0.0,0.0,0.0,1.0,0.17448011597242688,0.5351950707941797,49,0,14,0
market_segment,Complementary,False,174,0.13793103448275862,0.5,0.5295833333333334,0.3520517385583863,0.8620689655172413,0.5,0.0,0.0,0.0,1.0,0.11910869749767476,0.4141813680810244,150,0,24,0
market_segment,Corporate,False,901,0.10210876803551609,0.5,0.5492758101789649,0.1319322597096869,0.897891231964484,0.5,0.0,0.0,0.0,1.0,0.09538196240533137,0.3430256857293916,809,0,92,0
market_segment,Direct,False,1957,0.14154317833418498,0.5,0.5704830668729586,0.17680816043519387,0.858456821665815,0.5,0.0,0.0,0.0,1.0,0.1223544625727946,0.4138310139135261,1680,0,277,0
market_segment,Groups,False,711,0.41631504922644164,0.5,0.8033539563660045,0.7728355147849448,0.5822784810126582,0.4987951807228916,0.0,0.0,0.0,0.9975903614457832,0.22105209558422362,0.6290470668250657,414,1,296,0
market_segment,Offline TA/TO,False,1807,0.19092418372993913,0.5,0.603865064731656,0.23777798535335698,0.8018815716657444,0.4988758698626063,0.15789473684210525,0.008695652173913044,0.016483516483516484,0.9890560875512996,0.15601403684564952,0.487296786969034,1446,16,342,3
market_segment,Online TA,False,8475,0.31162241887905606,0.5,0.6187205802541267,0.40743655433937886,0.6884955752212389,0.5009146463750278,0.5333333333333333,0.003029155622870125,0.006024096385542169,0.9988001371271855,0.21214894687383654,0.6159667008812666,5827,7,2633,8
lead_band,0–7,False,3927,0.09803921568627451,0.5,0.5734349219385921,0.13385659099756886,0.9019607843137255,0.5,0.0,0.0,0.0,1.0,0.0925454937140885,0.3346139767089588,3542,0,385,0
lead_band,31–90,False,5176,0.3552936630602782,0.5,0.5674769173159118,0.4139363040622766,0.6447063369397218,0.5004882068550044,0.5,0.002175095160413268,0.004331348132106118,0.9988013185495954,0.2354570874095948,0.6696757589174789,3333,4,1835,4
lead_band,8–30,False,4011,0.2567938170032411,0.5,0.5790364867461562,0.34386756334182994,0.7432061829967589,0.5003177079431871,0.5,0.000970873786407767,0.001937984496124031,0.9996645420999665,0.19129802374557406,0.5767988478266751,2980,1,1029,1
lead_band,91–180,False,974,0.446611909650924,0.5,0.5886145053632739,0.5190833103720056,0.5400410677618069,0.4892713198131918,0.24,0.013793103448275862,0.02608695652173913,0.9647495361781077,0.2512354310661924,0.6971487061455224,520,19,429,6
booking_month,2016-07,False,2684,0.30812220566318926,0.5,0.6073545048995956,0.381111324038733,0.6881520119225037,0.4989842023937661,0.25,0.006045949214026602,0.011806375442739079,0.9919224555735057,0.21422298528755215,0.6252643341508689,1842,15,822,5
booking_month,2016-08,False,2935,0.3063032367972743,0.5,0.669481589454338,0.47770042153992065,0.6926746166950596,0.49957385525502035,0.2,0.0011123470522803114,0.0022123893805309734,0.9980353634577603,0.2035632995447152,0.5969379486495724,2032,4,898,1
booking_month,2016-09,False,3222,0.2774674115456238,0.5,0.6236541625344987,0.37421931552832166,0.7228429546865301,0.5012482990843885,0.6,0.003355704697986577,0.006674082313681869,0.9991408934707904,0.195840633224558,0.5802383431025263,2326,2,891,3
booking_month,2016-10,False,2603,0.23933922397233962,0.5,0.6786447946560306,0.40148758111806465,0.7595082597003457,0.49924242424242427,0.0,0.0,0.0,0.9984848484848485,0.17043411237232134,0.5183792373175454,1977,3,623,0
booking_month,2016-11,False,1798,0.19132369299221358,0.5,0.7248378570743097,0.417381888479355,0.8097886540600667,0.502906976744186,1.0,0.005813953488372093,0.011560693641618497,1.0,0.1413314156019513,0.44747830946953204,1454,0,342,2
booking_month,2016-12,False,846,0.12056737588652482,0.5,0.5991658760278304,0.17698698011172245,0.8794326241134752,0.5,0.0,0.0,0.0,1.0,0.10988953270300382,0.37727705002828416,744,0,102,0
is_repeated_guest,0,False,13386,0.27319587628865977,0.5,0.6487393825220208,0.39939758662736324,0.7258329598087554,0.5002705391583614,0.3142857142857143,0.0030079299972655183,0.005958829902491874,0.9975331483194573,0.1908290647429229,0.567987870635055,9705,24,3646,11
is_repeated_guest,1,False,702,0.045584045584045586,0.5,0.5649720149253732,0.0577237268450751,0.9544159544159544,0.5,0.0,0.0,0.0,1.0,0.05657245114030109,0.24180654813481423,670,0,32,0
family,No recorded children/babies,False,12804,0.25773195876288657,0.5,0.6528545875420875,0.384828590914746,0.7409403311465167,0.4994023569023569,0.13043478260869565,0.0009090909090909091,0.0018055973517905506,0.997895622895623,0.18306764769164827,0.5495958988844889,9484,20,3297,3
family,With children/babies,False,1284,0.3029595015576324,0.5,0.6957231692780514,0.47362562216675713,0.7001557632398754,0.508048139478106,0.6666666666666666,0.02056555269922879,0.0399002493765586,0.9955307262569832,0.19482364509765793,0.5730591462573892,891,4,381,8
