variable,count,mean,std,min,1%,25%,50%,75%,99%,max
lead_time,39865.0,63.224808729461934,72.05430437560926,0.0,0.0,8.0,38.0,94.0,316.0,351.0
stays_in_weekend_nights,39865.0,0.8104853881851248,0.9512396865637306,0.0,0.0,0.0,1.0,2.0,4.0,14.0
stays_in_week_nights,39865.0,2.2626113131819894,1.7512052711556412,0.0,0.0,1.0,2.0,3.0,8.0,35.0
adults,39865.0,1.782014298256616,0.49439219926593997,0.0,1.0,2.0,2.0,2.0,3.0,4.0
children,39861.0,0.0747597902711924,0.343282457437518,0.0,0.0,0.0,0.0,0.0,2.0,3.0
babies,39865.0,0.008227768719428069,0.11101547359166536,0.0,0.0,0.0,0.0,0.0,0.0,10.0
arrival_month_sin,39865.0,0.19933811141274446,0.6979242863805144,-1.0,-1.0,-0.5000000000000004,0.4999999999999999,0.8660254037844387,1.0,1.0
arrival_month_cos,39865.0,-0.07479785186056383,0.6838093574523672,-1.0,-1.0,-0.8660254037844387,-1.8369701987210294e-16,0.5000000000000001,1.0,1.0
adr,39865.0,86.95364128935157,46.67897781865432,0.0,0.0,62.8,82.5,108.9,201.0,5400.0
